{"cameraMode":{"drawMode":0,"name":"Shaded","section":"Shading Mode"},"sceneLighting":false,"audioPlay":false,"sceneViewState":{"showFog":true,"showMaterialUpdate":false,"showSkybox":false,"showFlares":true,"showImageEffects":true,"showParticleSystems":true},"in2DMode":false,"pivot":{"x":0.2971029281616211,"y":-0.12589001655578614,"z":0.7239033579826355},"rotation":{"x":-0.1186649352312088,"y":0.6958585381507874,"z":-0.11823835223913193,"w":-0.6983689665794373},"size":2.3334522247314455,"orthographic":false}