{"cameraMode":{"drawMode":0,"name":"Shaded","section":"Shading Mode"},"sceneLighting":false,"audioPlay":false,"sceneViewState":{"showFog":true,"showMaterialUpdate":false,"showSkybox":false,"showFlares":true,"showImageEffects":true,"showParticleSystems":true},"in2DMode":false,"pivot":{"x":0.18179737031459809,"y":1.2538080215454102,"z":-0.3168504536151886},"rotation":{"x":-0.03287997096776962,"y":0.7427339553833008,"z":-0.6677811741828919,"w":-0.03657141700387001},"size":4.286825656890869,"orthographic":false}