{"cameraMode":{"drawMode":0,"name":"Shaded","section":"Shading Mode"},"sceneLighting":false,"audioPlay":false,"sceneViewState":{"showFog":true,"showMaterialUpdate":false,"showSkybox":false,"showFlares":true,"showImageEffects":true,"showParticleSystems":true},"in2DMode":false,"pivot":{"x":-10.646160125732422,"y":19.6798095703125,"z":-31.571609497070314},"rotation":{"x":0.0035715342964977028,"y":0.9625581502914429,"z":0.012697262689471245,"w":-0.270752876996994},"size":77.3468246459961,"orthographic":false}