{"cameraMode":{"drawMode":0,"name":"Shaded","section":"Shading Mode"},"sceneLighting":false,"audioPlay":false,"sceneViewState":{"showFog":true,"showMaterialUpdate":false,"showSkybox":false,"showFlares":true,"showImageEffects":true,"showParticleSystems":true},"in2DMode":false,"pivot":{"x":555.6144409179688,"y":550.5108642578125,"z":219.6834259033203},"rotation":{"x":-0.05726100131869316,"y":0.02455424703657627,"z":-0.0014087565941736103,"w":-0.9980563521385193},"size":910.4957885742188,"orthographic":false}