{"cameraMode":{"drawMode":0,"name":"Shaded","section":"Shading Mode"},"sceneLighting":false,"audioPlay":false,"sceneViewState":{"showFog":true,"showMaterialUpdate":false,"showSkybox":false,"showFlares":true,"showImageEffects":true,"showParticleSystems":true},"in2DMode":false,"pivot":{"x":246.41915893554688,"y":441.0505065917969,"z":27.97998046875},"rotation":{"x":-0.02130710519850254,"y":0.009594768285751343,"z":-0.00020451443560887128,"w":-0.9997270703315735},"size":1140.2203369140625,"orthographic":false}