{"cameraMode":{"drawMode":0,"name":"Shaded","section":"Shading Mode"},"sceneLighting":false,"audioPlay":false,"sceneViewState":{"showFog":true,"showMaterialUpdate":false,"showSkybox":false,"showFlares":true,"showImageEffects":true,"showParticleSystems":true},"in2DMode":false,"pivot":{"x":267.6252746582031,"y":-56.45653533935547,"z":2216.855712890625},"rotation":{"x":-0.18062174320220948,"y":0.044830139726400378,"z":-0.008241492323577404,"w":-0.982495903968811},"size":2775.113037109375,"orthographic":false}