{"cameraMode":{"drawMode":0,"name":"Shaded","section":"Shading Mode"},"sceneLighting":false,"audioPlay":false,"sceneViewState":{"showFog":true,"showMaterialUpdate":false,"showSkybox":false,"showFlares":true,"showImageEffects":true,"showParticleSystems":true},"in2DMode":false,"pivot":{"x":0.43727779388427737,"y":-0.01238790713250637,"z":-0.3691467046737671},"rotation":{"x":0.2311113327741623,"y":0.14241383969783784,"z":-0.03421839699149132,"w":0.9618412852287293},"size":2.8578836917877199,"orthographic":false}