{"cameraMode":{"drawMode":0,"name":"Shaded","section":"Shading Mode"},"sceneLighting":true,"audioPlay":false,"sceneViewState":{"showFog":false,"showMaterialUpdate":false,"showSkybox":false,"showFlares":false,"showImageEffects":false,"showParticleSystems":false},"in2DMode":false,"pivot":{"x":-288.3927001953125,"y":1724.639892578125,"z":4147.6904296875},"rotation":{"x":0.16177885234355927,"y":0.25582578778266909,"z":-0.04346685856580734,"w":0.9521015286445618},"size":2698.615234375,"orthographic":false}