{"cameraMode":{"drawMode":2,"name":"Shaded Wireframe","section":"Shading Mode"},"sceneLighting":false,"audioPlay":false,"sceneViewState":{"showFog":true,"showMaterialUpdate":false,"showSkybox":false,"showFlares":true,"showImageEffects":true,"showParticleSystems":true},"in2DMode":false,"pivot":{"x":0.5302257537841797,"y":3.1408638954162599,"z":0.42850279808044436},"rotation":{"x":0.09949958324432373,"y":0.7776097059249878,"z":-0.12733398377895356,"w":0.6076316237449646},"size":7.606355667114258,"orthographic":false}