{"cameraMode":{"drawMode":0,"name":"Shaded","section":"Shading Mode"},"sceneLighting":true,"audioPlay":false,"sceneViewState":{"showFog":true,"showMaterialUpdate":false,"showSkybox":true,"showFlares":true,"showImageEffects":true,"showParticleSystems":true},"in2DMode":false,"pivot":{"x":3.821758985519409,"y":7.385355472564697,"z":-2.8808956146240236},"rotation":{"x":0.0198055449873209,"y":0.980058491230011,"z":0.14781099557876588,"w":-0.13132041692733766},"size":10.0,"orthographic":false}